{
  "modifier.powerpunch": {
    "sounds": [
      "suit/power_punch"
    ],
    "category": "player"
  },
  "suit.superman.frostbreath": {
    "sounds": [
      "suit/superman/frost_breath_loop"
    ],
    "category": "player"
  },
  "suit.superman.heatvision": {
    "sounds": [
      "suit/superman/heat_vision_loop"
    ],
    "category": "player"
  },
  "suit.superman.heatvisioncharge": {
    "sounds": [
      "suit/superman/heat_vision_charge_1",
      "suit/superman/heat_vision_charge_2"
    ],
    "category": "player"
  },
  "suit.superman.heatvisionstart": {
    "sounds": [
      "suit/superman/heat_vision_start_1",
      "suit/superman/heat_vision_start_2"
    ],
    "category": "player"
  }
}